79321,0,GPS1_FRAME,42.33746333333333,-71.087745,36.4,328010.8746310582,4689356.37081492,19,T
79322,0,GPS1_FRAME,42.33746666666666,-71.08775333333332,36.4,328010.1971872666,4689356.757811785,19,T
79323,0,GPS1_FRAME,42.33748833333334,-71.08777,36.3,328008.883194756,4689359.197441355,19,T
79324,0,GPS1_FRAME,42.337495000000004,-71.08778000000001,36.3,328008.0775329119,4689359.95795085,19,T
79325,0,GPS1_FRAME,42.3375,-71.08779,36.3,328007.2673273264,4689360.533389815,19,T
79326,0,GPS1_FRAME,42.33750833333333,-71.08780833333334,36.2,328005.77967877954,4689361.495826197,19,T
79327,0,GPS1_FRAME,42.337515,-71.08782500000001,36.1,328004.4247928163,4689362.269821031,19,T
79328,0,GPS1_FRAME,42.33752166666667,-71.08784,36.1,328003.2072133091,4689363.040444864,19,T
79329,0,GPS1_FRAME,42.33753166666667,-71.087855,36.0,328001.99872218794,4689364.181210177,19,T
79330,0,GPS1_FRAME,42.337540000000004,-71.08787000000001,36.0,328000.7856873699,4689365.136905082,19,T
79331,0,GPS1_FRAME,42.33755166666666,-71.08788333333334,35.9,327999.71904723614,4689366.459370122,19,T
79332,0,GPS1_FRAME,42.33756166666667,-71.08789666666667,35.8,327998.64786336216,4689367.596764712,19,T
79333,0,GPS1_FRAME,42.33757166666666,-71.08791166666667,35.8,327997.4393737829,4689368.737530862,19,T
79334,0,GPS1_FRAME,42.337579999999996,-71.08792666666666,35.7,327996.22634037974,4689369.693226604,19,T
79335,0,GPS1_FRAME,42.33758666666666,-71.08793999999999,35.6,327995.14606907405,4689370.460480501,19,T
79336,0,GPS1_FRAME,42.33759499999999,-71.087955,35.6,327993.9330362761,4689371.416176661,19,T
79337,0,GPS1_FRAME,42.33760666666667,-71.08797166666666,35.5,327992.5917864647,4689372.745385787,19,T
79338,0,GPS1_FRAME,42.33761333333334,-71.08798666666667,35.5,327991.3742100543,4689373.516011783,19,T
79339,0,GPS1_FRAME,42.33762,-71.08800166666667,35.4,327990.15663390653,4689374.286637997,19,T
79340,0,GPS1_FRAME,42.33763166666666,-71.088015,35.3,327989.0899972198,4689375.609104773,19,T
79341,0,GPS1_FRAME,42.33764166666666,-71.08802666666666,35.2,327988.1561223993,4689376.74312952,19,T
79342,0,GPS1_FRAME,42.33765166666667,-71.08803666666667,35.2,327987.3595537714,4689377.873782813,19,T
79343,0,GPS1_FRAME,42.337665,-71.08805166666666,35.1,327986.16015682754,4689379.384692301,19,T
79344,0,GPS1_FRAME,42.337675000000004,-71.08806333333334,34.9,327985.2262830102,4689380.518717472,19,T
79345,0,GPS1_FRAME,42.33768499999999,-71.08807666666667,34.7,327984.1551036918,4689381.656114432,19,T
79346,0,GPS1_FRAME,42.337695000000004,-71.08808833333333,34.5,327983.22123051743,4689382.790139894,19,T
79347,0,GPS1_FRAME,42.33770500000001,-71.08810166666667,34.3,327982.1500518813,4689383.927537186,19,T
79348,0,GPS1_FRAME,42.33771166666667,-71.088115,34.1,327981.0697843096,4689384.694793379,19,T
79349,0,GPS1_FRAME,42.337720000000004,-71.088125,33.9,327980.26867311925,4689385.640376912,19,T
79350,0,GPS1_FRAME,42.33773166666666,-71.088135,33.8,327979.4766515285,4689386.956101818,19,T
79351,0,GPS1_FRAME,42.33774333333334,-71.08814000000001,33.5,327979.0965473016,4689388.2617115425,19,T
79352,0,GPS1_FRAME,42.33775166666666,-71.08814666666667,33.4,327978.5700481442,4689389.200551781,19,T
79353,0,GPS1_FRAME,42.337761666666665,-71.08815666666666,33.2,327977.77348257694,4689390.3312062705,19,T
79354,0,GPS1_FRAME,42.33777,-71.08816666666667,33.0,327976.97237251187,4689391.276790221,19,T
79355,0,GPS1_FRAME,42.33778333333333,-71.08817666666667,32.8,327976.1848970213,4689392.777586186,19,T
79356,0,GPS1_FRAME,42.33779166666667,-71.08818333333333,32.6,327975.65839862835,4689393.716426677,19,T
79357,0,GPS1_FRAME,42.33780333333334,-71.08819166666667,32.4,327975.00368445885,4689395.028780328,19,T
79358,0,GPS1_FRAME,42.337815,-71.08819333333332,32.2,327974.8981926681,4689396.327646651,19,T
79359,0,GPS1_FRAME,42.33782833333333,-71.08819833333334,32.0,327974.52263476094,4689397.818327323,19,T
79360,0,GPS1_FRAME,42.33784000000001,-71.08820166666666,31.8,327974.27983766777,4689399.12056552,19,T
79361,0,GPS1_FRAME,42.337851666666666,-71.08820666666666,31.6,327973.8997352326,4689400.426175595,19,T
79362,0,GPS1_FRAME,42.33786333333334,-71.08821333333334,31.4,327973.3823275317,4689401.735157575,19,T
79363,0,GPS1_FRAME,42.33787333333333,-71.08822166666667,31.1,327972.7230697504,4689402.862440847,19,T
79364,0,GPS1_FRAME,42.33788666666666,-71.08823166666666,30.9,327971.93559664115,4689404.363237383,19,T
79365,0,GPS1_FRAME,42.337896666666666,-71.08824333333334,30.7,327971.00172866357,4689405.497264658,19,T
79366,0,GPS1_FRAME,42.33790833333334,-71.08825166666666,30.4,327970.3470166171,4689406.809618828,19,T
79367,0,GPS1_FRAME,42.337921666666674,-71.088265,30.2,327969.2849339141,4689408.317159585,19,T
79368,0,GPS1_FRAME,42.33793000000001,-71.08828333333332,30.1,327967.79730079084,4689409.279604547,19,T
79369,0,GPS1_FRAME,42.33793833333334,-71.08830333333334,29.9,327966.1723628064,4689410.24542186,19,T
79370,0,GPS1_FRAME,42.337945000000005,-71.08832333333334,29.8,327964.54288013885,4689411.026168921,19,T
79371,0,GPS1_FRAME,42.33795666666666,-71.08833333333334,29.6,327963.7508646423,4689412.341895823,19,T
79372,0,GPS1_FRAME,42.33797,-71.08834166666666,29.4,327963.1006998156,4689413.839321391,19,T
79373,0,GPS1_FRAME,42.33798,-71.08835666666667,29.2,327961.89222423977,4689414.980094153,19,T
79374,0,GPS1_FRAME,42.337990000000005,-71.08837333333332,29.1,327960.5464439159,4689416.124239275,19,T
79375,0,GPS1_FRAME,42.33799666666667,-71.088385,28.8,327959.6034888954,4689416.888126893,19,T
79376,0,GPS1_FRAME,42.338010000000004,-71.08839333333334,28.6,327958.95332543086,4689418.385552891,19,T
79377,0,GPS1_FRAME,42.33802000000001,-71.088405,28.5,327958.01946150314,4689419.519582037,19,T
79378,0,GPS1_FRAME,42.33802833333333,-71.08841666666667,28.3,327957.0810525559,4689420.468540668,19,T
79379,0,GPS1_FRAME,42.33803833333333,-71.08842333333334,28.2,327956.55910435424,4689421.592453415,19,T
79380,0,GPS1_FRAME,42.338055000000004,-71.08843333333333,28.3,327955.78072775784,4689423.463393271,19,T
79381,0,GPS1_FRAME,42.33806333333334,-71.08844333333333,28.4,327954.9796246581,4689424.408979979,19,T
79382,0,GPS1_FRAME,42.33807166666667,-71.08845333333333,28.4,327954.1785217774,4689425.354566788,19,T
79383,0,GPS1_FRAME,42.33808333333333,-71.08845666666666,28.4,327953.9357297765,4689426.656805883,19,T
79384,0,GPS1_FRAME,42.338095,-71.08845500000001,28.4,327954.104852648,4689427.948928168,19,T
79385,0,GPS1_FRAME,42.33810333333333,-71.08845500000001,28.4,327954.12757974205,4689428.874281422,19,T
79386,0,GPS1_FRAME,42.33811000000001,-71.08845333333333,28.4,327954.2830663099,4689429.61119176,19,T
79387,0,GPS1_FRAME,42.33811333333333,-71.08845500000001,28.7,327954.15485225973,4689429.984705331,19,T
79388,0,GPS1_FRAME,42.33812666666666,-71.08846166666667,29.3,327953.6419962167,4689431.478759651,19,T
79389,0,GPS1_FRAME,42.33813,-71.08846166666667,29.3,327953.6510870886,4689431.848900955,19,T
79390,0,GPS1_FRAME,42.33813166666667,-71.08846333333332,29.3,327953.518327684,4689432.03734389,19,T
79391,0,GPS1_FRAME,42.338134999999994,-71.08846333333332,29.3,327953.52741856396,4689432.4074851945,19,T
79392,0,GPS1_FRAME,42.338136666666664,-71.08846,29.4,327953.80657366576,4689432.585811284,19,T
79393,0,GPS1_FRAME,42.33814833333333,-71.088465,29.8,327953.4264772831,4689433.891422699,19,T
79394,0,GPS1_FRAME,42.33813833333333,-71.08846,29.4,327953.81111909886,4689432.770881937,19,T
79395,0,GPS1_FRAME,42.338145000000004,-71.08846333333332,29.5,327953.55469120736,4689433.51790911,19,T
79396,0,GPS1_FRAME,42.338146666666674,-71.088465,29.5,327953.4219318383,4689433.706352049,19,T
79397,0,GPS1_FRAME,42.338146666666674,-71.08846833333334,29.5,327953.1473222202,4689433.713096629,19,T
79398,0,GPS1_FRAME,42.338146666666674,-71.08847,29.5,327953.0100174122,4689433.716468924,19,T
79399,0,GPS1_FRAME,42.338146666666674,-71.08847166666666,29.4,327952.8727126041,4689433.71984122,19,T
79400,0,GPS1_FRAME,42.338146666666674,-71.08847666666666,29.4,327952.46079817787,4689433.729958127,19,T
79401,0,GPS1_FRAME,42.338146666666674,-71.08847833333333,29.4,327952.32349336764,4689433.733330435,19,T
79402,0,GPS1_FRAME,42.338146666666674,-71.08848166666667,29.4,327952.0488837493,4689433.740075058,19,T
79403,0,GPS1_FRAME,42.33815166666667,-71.08848166666667,29.4,327952.0625201932,4689434.295287015,19,T
79404,0,GPS1_FRAME,42.33815833333333,-71.08848166666667,29.4,327952.08070212044,4689435.035569627,19,T
79405,0,GPS1_FRAME,42.338166666666666,-71.08847166666666,29.4,327952.92725812615,4689435.940689054,19,T
79406,0,GPS1_FRAME,42.338179999999994,-71.08846666666666,29.4,327953.3755360276,4689437.411137397,19,T
79407,0,GPS1_FRAME,42.33819333333333,-71.08846833333334,29.5,327953.2745949344,4689438.89507492,19,T
79408,0,GPS1_FRAME,42.338205,-71.08846833333334,29.5,327953.30641313095,4689440.1905695,19,T
79409,0,GPS1_FRAME,42.33821833333333,-71.08846833333334,29.6,327953.3427767928,4689441.671134734,19,T
79410,0,GPS1_FRAME,42.33823333333333,-71.08847833333333,29.7,327952.559858204,4689443.357004439,19,T
79411,0,GPS1_FRAME,42.33824666666666,-71.08847999999999,29.8,327952.45891746983,4689444.840941994,19,T
79412,0,GPS1_FRAME,42.338260000000005,-71.088485,29.8,327952.08336767653,4689446.331624191,19,T
79413,0,GPS1_FRAME,42.338269999999994,-71.08848833333333,29.9,327951.8360315899,4689447.448792774,19,T
79414,0,GPS1_FRAME,42.33828333333333,-71.088495,30.0,327951.3231776,4689448.942847354,19,T
79415,0,GPS1_FRAME,42.33829666666667,-71.08850000000001,30.1,327950.9476283331,4689450.433529636,19,T
79416,0,GPS1_FRAME,42.33831,-71.088505,30.2,327950.57207925397,4689451.924211944,19,T
79417,0,GPS1_FRAME,42.33832333333333,-71.088515,30.3,327949.7846170816,4689453.42501138,19,T
79418,0,GPS1_FRAME,42.33833666666666,-71.08852499999999,30.4,327948.99715526873,4689454.9258109145,19,T
79419,0,GPS1_FRAME,42.33835166666666,-71.08853666666667,30.5,327948.0769350624,4689456.615053617,19,T
79420,0,GPS1_FRAME,42.338365,-71.08854500000001,30.6,327947.42677834944,4689458.112480955,19,T
79421,0,GPS1_FRAME,42.33837666666667,-71.08854833333334,30.7,327947.1839892033,4689459.414720417,19,T
79422,0,GPS1_FRAME,42.33838666666667,-71.088555,30.8,327946.66204593965,4689460.538634097,19,T
79423,0,GPS1_FRAME,42.338395000000006,-71.08856166666666,30.9,327946.13555717806,4689461.477477166,19,T
79424,0,GPS1_FRAME,42.338406666666664,-71.08857666666667,31.1,327944.93163872976,4689462.803323919,19,T
79425,0,GPS1_FRAME,42.33841833333333,-71.088585,31.2,327944.276937622,4689464.115680935,19,T
79426,0,GPS1_FRAME,42.33843,-71.08859333333334,31.2,327943.62223677104,4689465.428038024,19,T
79427,0,GPS1_FRAME,42.33844166666666,-71.088605,31.3,327942.6929278504,4689466.747140211,19,T
79428,0,GPS1_FRAME,42.338455,-71.08861333333333,31.4,327942.0427733691,4689468.244568131,19,T
79429,0,GPS1_FRAME,42.33846833333334,-71.08862,31.4,327941.5299232959,4689469.738623581,19,T
79430,0,GPS1_FRAME,42.33848166666667,-71.08862500000001,31.5,327941.1543775458,4689471.229306526,19,T
79431,0,GPS1_FRAME,42.33849166666667,-71.08863166666667,31.6,327940.63243625,4689472.353220731,19,T
79432,0,GPS1_FRAME,42.33850833333333,-71.08863166666667,31.6,327940.67789463885,4689474.2039273735,19,T
79433,0,GPS1_FRAME,42.33851833333333,-71.08863666666666,31.6,327940.2932576782,4689475.324469057,19,T
79434,0,GPS1_FRAME,42.338530000000006,-71.08864666666666,31.7,327939.5012547916,4689476.640199177,19,T
79435,0,GPS1_FRAME,42.338543333333334,-71.08865166666666,31.8,327939.125709952,4689478.13088227,19,T
79436,0,GPS1_FRAME,42.33855833333334,-71.08864666666666,31.9,327939.57853467437,4689479.786400496,19,T
79437,0,GPS1_FRAME,42.33857166666667,-71.08864666666666,32.0,327939.6149016925,4689481.266965826,19,T
79438,0,GPS1_FRAME,42.338584999999995,-71.08864666666666,32.1,327939.65126872004,4689482.74753116,19,T
79439,0,GPS1_FRAME,42.338595000000005,-71.08865,32.2,327939.4039363293,4689483.864700339,19,T
79440,0,GPS1_FRAME,42.33860500000001,-71.088655,32.3,327939.019300218,4689484.985242132,19,T
79441,0,GPS1_FRAME,42.33861333333333,-71.08866333333334,32.4,327938.3555107459,4689485.927458501,19,T
79442,0,GPS1_FRAME,42.338615,-71.08867333333333,32.4,327937.5362339237,4689486.132764896,19,T
79443,0,GPS1_FRAME,42.33861666666667,-71.088665,32.3,327938.2272987962,4689486.300972451,19,T
79444,0,GPS1_FRAME,42.338625,-71.08865666666667,32.3,327938.93654725037,4689487.209462746,19,T
79445,0,GPS1_FRAME,42.338635000000004,-71.08863833333334,32.1,327940.4741638866,4689488.282788292,19,T
79446,0,GPS1_FRAME,42.338651666666664,-71.08863,32.0,327941.2061410987,4689490.116632142,19,T
79447,0,GPS1_FRAME,42.338663333333336,-71.08861499999999,31.7,327942.4736952034,4689491.381773896,19,T
79448,0,GPS1_FRAME,42.338674999999995,-71.0886,31.5,327943.74124885455,4689492.646915866,19,T
79449,0,GPS1_FRAME,42.338686666666675,-71.088595,31.5,327944.18498025695,4689493.932293029,19,T
79450,0,GPS1_FRAME,42.33869166666667,-71.08857833333333,31.3,327945.57165380835,4689494.453780134,19,T
79451,0,GPS1_FRAME,42.338696666666664,-71.088565,31.2,327946.6837199165,4689494.982012413,19,T
79452,0,GPS1_FRAME,42.33870333333333,-71.08855166666667,31.0,327947.8003315374,4689495.695315536,19,T
79453,0,GPS1_FRAME,42.338715,-71.08853833333333,30.9,327948.9305798879,4689496.963830839,19,T
79454,0,GPS1_FRAME,42.33872833333333,-71.08852499999999,30.6,327950.06537346647,4689498.417416981,19,T
79455,0,GPS1_FRAME,42.33874333333333,-71.088515,30.4,327950.93010516645,4689500.062818713,19,T
79456,0,GPS1_FRAME,42.338755000000006,-71.08850833333332,30.2,327951.5111383488,4689501.344823928,19,T
79457,0,GPS1_FRAME,42.338763333333326,-71.08850000000001,30.0,327952.2203836395,4689502.25331549,19,T
79458,0,GPS1_FRAME,42.33877333333333,-71.088495,29.9,327952.659567426,4689503.353622471,19,T
79459,0,GPS1_FRAME,42.33878166666667,-71.08849166666667,29.8,327952.95690210303,4689504.272231145,19,T
79460,0,GPS1_FRAME,42.33879333333333,-71.08848166666667,29.4,327953.8125414188,4689505.547491865,19,T
79461,0,GPS1_FRAME,42.338805,-71.08847999999999,29.3,327953.9816635632,4689506.839614241,19,T
79462,0,GPS1_FRAME,42.338820000000005,-71.08848166666667,29.2,327953.88527004287,4689508.508622605,19,T
79463,0,GPS1_FRAME,42.33883000000001,-71.08848166666667,29.1,327953.91254328657,4689509.619046638,19,T
79464,0,GPS1_FRAME,42.33884,-71.08848333333334,29.1,327953.8025132379,4689510.732842993,19,T
79465,0,GPS1_FRAME,42.33884666666666,-71.088485,29.0,327953.6833921361,4689511.476498008,19,T
79466,0,GPS1_FRAME,42.338854999999995,-71.08848833333333,28.9,327953.431513357,4689512.408596032,19,T
79467,0,GPS1_FRAME,42.33886333333333,-71.08849000000001,28.9,327953.31693789875,4689513.33732173,19,T
79468,0,GPS1_FRAME,42.33887166666667,-71.08849166666667,28.8,327953.20236248046,4689514.266047434,19,T
79469,0,GPS1_FRAME,42.33888166666667,-71.08849833333333,28.7,327952.6804230524,4689515.3899608515,19,T
79470,0,GPS1_FRAME,42.338890000000006,-71.08850333333334,28.7,327952.2912413931,4689516.325431281,19,T
79471,0,GPS1_FRAME,42.338901666666665,-71.08851,28.7,327951.77384789544,4689517.6344154505,19,T
79472,0,GPS1_FRAME,42.338915,-71.08851166666666,28.7,327951.67290963826,4689519.118353217,19,T
79473,0,GPS1_FRAME,42.33892666666667,-71.088515,28.6,327951.43012271886,4689520.42059269,19,T
79474,0,GPS1_FRAME,42.33894,-71.08851666666666,28.6,327951.3291846208,4689521.904530469,19,T
79475,0,GPS1_FRAME,42.338948333333335,-71.08852333333333,28.5,327950.80270050577,4689522.843373388,19,T
79476,0,GPS1_FRAME,42.33895833333333,-71.08853166666667,28.4,327950.14345915674,4689523.970659431,19,T
79477,0,GPS1_FRAME,42.33897,-71.08853833333333,28.4,327949.6260667258,4689525.279643804,19,T
79478,0,GPS1_FRAME,42.33898666666667,-71.08854666666666,28.3,327948.9850086041,4689527.147212681,19,T
79479,0,GPS1_FRAME,42.33899666666666,-71.08855333333332,28.2,327948.46307095594,4689528.27112648,19,T
79480,0,GPS1_FRAME,42.33900333333333,-71.08856,28.2,327947.9320420308,4689529.024898972,19,T
79481,0,GPS1_FRAME,42.339011666666664,-71.08856833333333,28.1,327947.26825604186,4689529.967114647,19,T
79482,0,GPS1_FRAME,42.33902166666667,-71.08857666666667,28.1,327946.60901600047,4689531.09440107,19,T
79483,0,GPS1_FRAME,42.33903166666667,-71.08858833333333,27.9,327945.6751704222,4689532.228432552,19,T
79484,0,GPS1_FRAME,42.339038333333335,-71.08859666666667,27.9,327945.00683925184,4689532.9855777845,19,T
79485,0,GPS1_FRAME,42.33905,-71.088605,27.9,327944.35214571527,4689534.2979351245,19,T
79486,0,GPS1_FRAME,42.33906166666667,-71.08861166666667,27.9,327943.8347552575,4689535.606919999,19,T
79487,0,GPS1_FRAME,42.339075,-71.08862,27.9,327943.1846080794,4689537.104348146,19,T
79488,0,GPS1_FRAME,42.339090000000006,-71.08862833333333,27.8,327942.5390070862,4689538.78684705,19,T
79489,0,GPS1_FRAME,42.339101666666664,-71.08863500000001,27.7,327942.02161735453,4689540.095832085,19,T
79490,0,GPS1_FRAME,42.33910833333333,-71.08864166666667,27.6,327941.4905900925,4689540.8496051235,19,T
79491,0,GPS1_FRAME,42.33911666666666,-71.08864833333334,27.6,327940.96410887584,4689541.788448887,19,T
79492,0,GPS1_FRAME,42.339126666666665,-71.08865833333333,27.5,327940.1675684037,4689542.919108597,19,T
79493,0,GPS1_FRAME,42.33913833333333,-71.08866666666667,27.4,327939.51287681947,4689544.231466462,19,T
79494,0,GPS1_FRAME,42.339144999999995,-71.08867333333333,27.2,327938.9818501647,4689544.985239712,19,T
79495,0,GPS1_FRAME,42.33915333333333,-71.08868333333334,27.0,327938.1807643925,4689545.930828989,19,T
79496,0,GPS1_FRAME,42.33915833333334,-71.08869166666666,26.7,327937.5078893888,4689546.502904329,19,T
79497,0,GPS1_FRAME,42.33916333333333,-71.0887,26.5,327936.83501449093,4689547.074979739,19,T
79498,0,GPS1_FRAME,42.339168333333326,-71.08871,26.2,327936.0248371209,4689547.650427909,19,T
79499,0,GPS1_FRAME,42.33917833333333,-71.08871666666667,26.0,327935.5029032792,4689548.774342816,19,T
79500,0,GPS1_FRAME,42.339185,-71.08872666666666,25.6,327934.6972723233,4689549.534861837,19,T
79501,0,GPS1_FRAME,42.339193333333334,-71.08873166666667,25.3,327934.30809526355,4689550.470333438,19,T
79502,0,GPS1_FRAME,42.3392,-71.08873833333334,24.9,327933.7770696696,4689551.22410712,19,T
79503,0,GPS1_FRAME,42.33921,-71.088745,24.7,327933.25513649004,4689552.348022218,19,T
79504,0,GPS1_FRAME,42.339218333333335,-71.08874999999999,24.5,327932.865959806,4689553.283493915,19,T
79505,0,GPS1_FRAME,42.33922833333333,-71.08875666666667,24.3,327932.3440269459,4689554.407409093,19,T
79506,0,GPS1_FRAME,42.339238333333334,-71.088765,24.2,327931.68479183724,4689555.5346971,19,T
79507,0,GPS1_FRAME,42.33924999999999,-71.08876666666667,24.1,327931.57931279135,4689556.83356469,19,T
79508,0,GPS1_FRAME,42.33925666666667,-71.08877333333334,24.0,327931.04828801507,4689557.5873386115,19,T
79509,0,GPS1_FRAME,42.33926499999999,-71.08877833333332,23.8,327930.6591119645,4689558.522810453,19,T
79510,0,GPS1_FRAME,42.339271666666676,-71.08877833333332,23.8,327930.67729686806,4689559.263093206,19,T
79511,0,GPS1_FRAME,42.339281666666665,-71.08878333333334,23.7,327930.2926672101,4689560.383635764,19,T
79512,0,GPS1_FRAME,42.33929499999999,-71.08878666666666,23.6,327930.05443250074,4689561.870946903,19,T
79513,0,GPS1_FRAME,42.339308333333335,-71.08879166666667,23.5,327929.67889563495,4689563.361630886,19,T
79514,0,GPS1_FRAME,42.33932166666667,-71.08879666666667,23.3,327929.30335895065,4689564.852314896,19,T
79515,0,GPS1_FRAME,42.33933166666667,-71.08880166666667,23.2,327928.9187298851,4689565.972857554,19,T
79516,0,GPS1_FRAME,42.33933999999999,-71.08880333333333,23.2,327928.80415908946,4689566.901583848,19,T
79517,0,GPS1_FRAME,42.339349999999996,-71.08880833333333,23.1,327928.4195302404,4689568.022126543,19,T
79518,0,GPS1_FRAME,42.339360000000006,-71.08881666666666,23.1,327927.7602971924,4689569.1494149985,19,T
79519,0,GPS1_FRAME,42.339371666666665,-71.088825,23.1,327927.10561070364,4689570.461774214,19,T
79520,0,GPS1_FRAME,42.33938833333333,-71.08883333333333,23.1,327926.464563544,4689572.329345575,19,T
79521,0,GPS1_FRAME,42.339398333333335,-71.08884333333334,23.0,327925.6680291734,4689573.460007153,19,T
79522,0,GPS1_FRAME,42.33941333333334,-71.08885333333333,23.0,327924.88513427635,4689575.14588091,19,T
79523,0,GPS1_FRAME,42.33942666666667,-71.08886333333334,22.9,327924.09769335575,4689576.646684075,19,T
79524,0,GPS1_FRAME,42.339441666666666,-71.08887166666666,22.8,327923.4521012347,4689578.329185077,19,T
79525,0,GPS1_FRAME,42.33945333333333,-71.08888499999999,23.0,327922.3855106265,4689579.651663692,19,T
79526,0,GPS1_FRAME,42.339466666666674,-71.08889333333333,22.8,327921.73537274497,4689581.149094183,19,T
79527,0,GPS1_FRAME,42.33947333333334,-71.08891,23.2,327920.3805395012,4689581.923107041,19,T
79528,0,GPS1_FRAME,42.339486666666666,-71.08892166666666,23.1,327919.4557984997,4689583.427283817,19,T
79529,0,GPS1_FRAME,42.3395,-71.08893333333334,23.0,327918.53105791146,4689584.93146073,19,T
79530,0,GPS1_FRAME,42.339511666666674,-71.08894333333333,23.0,327917.7390729704,4689586.247194008,19,T
79531,0,GPS1_FRAME,42.33952166666666,-71.08895166666666,22.9,327917.07984352787,4689587.374483598,19,T
79532,0,GPS1_FRAME,42.339533333333335,-71.08895833333332,22.7,327916.56246274593,4689588.6834708555,19,T
79533,0,GPS1_FRAME,42.339549999999996,-71.08896333333334,22.6,327916.1960238982,4689590.544297141,19,T
79534,0,GPS1_FRAME,42.33956333333334,-71.08897333333333,22.6,327915.40858677414,4689592.045101425,19,T
79535,0,GPS1_FRAME,42.33957166666667,-71.08898500000001,22.5,327914.4702081996,4689592.994066855,19,T
79536,0,GPS1_FRAME,42.339586666666676,-71.08899166666667,22.6,327913.96192182635,4689594.67319574,19,T
79537,0,GPS1_FRAME,42.339601666666674,-71.08900166666668,22.6,327913.17903244135,4689596.359071009,19,T
79538,0,GPS1_FRAME,42.339615,-71.08901,22.5,327912.5288983064,4689597.856502495,19,T
79539,0,GPS1_FRAME,42.33962666666666,-71.08901833333333,22.5,327911.874217695,4689599.168863351,19,T
79540,0,GPS1_FRAME,42.339635,-71.08902833333333,22.4,327911.07314217393,4689600.114456092,19,T
79541,0,GPS1_FRAME,42.339641666666665,-71.08904000000001,22.4,327910.13021848904,4689600.878351463,19,T
79542,0,GPS1_FRAME,42.339646666666674,-71.08905,22.3,327909.32004970347,4689601.453803016,19,T
79543,0,GPS1_FRAME,42.33965166666667,-71.08905833333333,22.2,327908.6471825833,4689602.025881401,19,T
79544,0,GPS1_FRAME,42.33965166666667,-71.08906333333333,21.9,327908.23527797934,4689602.036001203,19,T
79545,0,GPS1_FRAME,42.33965166666667,-71.08906499999999,21.5,327908.09797644324,4689602.039374475,19,T
79546,0,GPS1_FRAME,42.33965166666667,-71.08906666666667,21.1,327907.9606749093,4689602.042747751,19,T
79547,0,GPS1_FRAME,42.33965666666666,-71.08906666666667,21.0,327907.97431557305,4689602.597959854,19,T
79548,0,GPS1_FRAME,42.339668333333336,-71.08907500000001,20.8,327907.3196363009,4689603.910321185,19,T
79549,0,GPS1_FRAME,42.33968,-71.08908333333333,20.6,327906.6649572898,4689605.222682587,19,T
79550,0,GPS1_FRAME,42.339690000000004,-71.08909333333332,20.4,327905.86843014334,4689606.353346675,19,T
79551,0,GPS1_FRAME,42.33970166666666,-71.08910333333333,20.1,327905.07645023294,4689607.669081566,19,T
79552,0,GPS1_FRAME,42.33971499999999,-71.08911499999999,19.9,327904.15171623265,4689609.173260617,19,T
79553,0,GPS1_FRAME,42.339725,-71.089135,19.7,327902.53138172196,4689610.3241653005,19,T
79554,0,GPS1_FRAME,42.339731666666665,-71.08915499999999,19.6,327900.90195355855,4689611.104928968,19,T
79555,0,GPS1_FRAME,42.33974,-71.08917,19.2,327899.68897690903,4689612.060643385,19,T
79556,0,GPS1_FRAME,42.33974166666667,-71.089185,18.9,327898.4578119719,4689612.276075201,19,T
79557,0,GPS1_FRAME,42.33974,-71.08919999999999,18.6,327897.21755272686,4689612.121365824,19,T
79558,0,GPS1_FRAME,42.33974,-71.08921333333333,18.2,327896.119141979,4689612.148353855,19,T
79559,0,GPS1_FRAME,42.33974333333334,-71.08923166666666,18.0,327894.6179217098,4689612.555604091,19,T
79560,0,GPS1_FRAME,42.33974166666667,-71.08926166666667,18.5,327892.1419503287,4689612.431257619,19,T
79561,0,GPS1_FRAME,42.33974499999999,-71.08927833333334,18.2,327890.77803163824,4689612.835135093,19,T
79562,0,GPS1_FRAME,42.33974499999999,-71.08929499999999,18.0,327889.4050183053,4689612.868871424,19,T
79563,0,GPS1_FRAME,42.33974333333334,-71.08931333333334,17.8,327887.8901562029,4689612.720910995,19,T
79564,0,GPS1_FRAME,42.33974,-71.08932833333333,17.6,327886.6453492378,4689612.381132776,19,T
79565,0,GPS1_FRAME,42.33973833333333,-71.08934833333333,17.3,327884.9931855928,4689612.236546668,19,T
79566,0,GPS1_FRAME,42.339735000000005,-71.08936666666666,17.1,327883.47377566365,4689611.90351648,19,T
79567,0,GPS1_FRAME,42.339733333333335,-71.089385,16.9,327881.9589131598,4689611.755557321,19,T
79568,0,GPS1_FRAME,42.339731666666665,-71.0894,16.7,327880.7186533037,4689611.60085085,19,T
79569,0,GPS1_FRAME,42.339735000000005,-71.08941333333334,16.5,327879.62933769566,4689611.997982884,19,T
79570,0,GPS1_FRAME,42.33974,-71.08942166666667,16.5,327878.95647392096,4689612.570064229,19,T
79571,0,GPS1_FRAME,42.33975166666667,-71.08943833333333,16.6,327877.6152944075,4689613.899297835,19,T
79572,0,GPS1_FRAME,42.339758333333336,-71.08945166666668,16.8,327876.53507478966,4689614.666571785,19,T
79573,0,GPS1_FRAME,42.33976500000001,-71.089465,16.9,327875.45485540363,4689615.433845907,19,T
79574,0,GPS1_FRAME,42.33976833333333,-71.08947833333333,16.9,327874.3655406656,4689615.830978785,19,T
79575,0,GPS1_FRAME,42.33977166666667,-71.08949166666666,17.0,327873.27622603934,4689616.228111838,19,T
79576,0,GPS1_FRAME,42.339776666666666,-71.08950333333334,17.1,327872.3287606499,4689616.806941786,19,T
79577,0,GPS1_FRAME,42.33978666666667,-71.08951666666667,17.0,327871.25763779855,4689617.944358006,19,T
79578,0,GPS1_FRAME,42.3398,-71.08952666666667,16.9,327870.47021354944,4689619.445167771,19,T
79579,0,GPS1_FRAME,42.33981000000001,-71.08953333333334,16.7,327869.9482961943,4689620.569088146,19,T
79580,0,GPS1_FRAME,42.339821666666666,-71.08954333333332,16.5,327869.1563246172,4689621.884827369,19,T
79581,0,GPS1_FRAME,42.33983166666667,-71.08955333333333,16.4,327868.3598053879,4689623.015495983,19,T
79582,0,GPS1_FRAME,42.33984333333333,-71.08956666666667,16.6,327867.2932321662,4689624.3379835775,19,T
79583,0,GPS1_FRAME,42.33986,-71.089575,16.7,327866.65220668935,4689626.205561174,19,T
79584,0,GPS1_FRAME,42.339868333333335,-71.089585,16.6,327865.8511403556,4689627.151159393,19,T
79585,0,GPS1_FRAME,42.33987833333334,-71.08959166666666,16.5,327865.32922439463,4689628.275080164,19,T
79586,0,GPS1_FRAME,42.33988833333333,-71.08959499999999,16.3,327865.08191065845,4689629.392252705,19,T
79587,0,GPS1_FRAME,42.33989666666666,-71.0896,16.0,327864.6927479403,4689630.327728689,19,T
79588,0,GPS1_FRAME,42.33990666666667,-71.08959666666667,15.7,327864.9946383401,4689631.4314047,19,T
79589,0,GPS1_FRAME,42.33992166666667,-71.08959166666666,15.5,327865.4474737818,4689633.086918736,19,T
79590,0,GPS1_FRAME,42.33993333333333,-71.08958333333334,15.2,327866.1658147973,4689634.365543133,19,T
79591,0,GPS1_FRAME,42.33994333333333,-71.08957000000001,15.0,327867.2915102589,4689635.448974593,19,T
79592,0,GPS1_FRAME,42.33994833333333,-71.08955666666667,14.7,327868.4035614296,4689635.977194076,19,T
79593,0,GPS1_FRAME,42.339954999999996,-71.08954,14.4,327869.79476213525,4689636.683736354,19,T
79594,0,GPS1_FRAME,42.339960000000005,-71.08952333333333,14.1,327871.18141464377,4689637.205208185,19,T
79595,0,GPS1_FRAME,42.33996666666667,-71.08950333333334,13.8,327872.8472165087,4689637.905003023,19,T
79596,0,GPS1_FRAME,42.33997333333333,-71.08948833333334,13.5,327874.1011155135,4689638.614920119,19,T
79597,0,GPS1_FRAME,42.33998,-71.08947333333334,13.1,327875.35501426016,4689639.324837432,19,T
79598,0,GPS1_FRAME,42.339983333333336,-71.08946166666666,12.8,327876.32521557674,4689639.671361367,19,T
79599,0,GPS1_FRAME,42.33998833333333,-71.08945,12.6,327877.2999645397,4689640.2029561475,19,T
79600,0,GPS1_FRAME,42.33999166666668,-71.08943833333333,12.3,327878.2701656256,4689640.549480346,19,T
79601,0,GPS1_FRAME,42.339995,-71.08942666666667,12.1,327879.24036660965,4689640.896004674,19,T
79602,0,GPS1_FRAME,42.339999999999996,-71.08941166666666,11.9,327880.48971672705,4689641.4208521675,19,T
79603,0,GPS1_FRAME,42.340005000000005,-71.08939833333334,11.7,327881.60176587955,4689641.949073695,19,T
79604,0,GPS1_FRAME,42.34001,-71.089385,11.5,327882.71381485823,4689642.477295392,19,T
79605,0,GPS1_FRAME,42.34001666666666,-71.08936999999999,11.4,327883.9677119906,4689643.187214206,19,T
79606,0,GPS1_FRAME,42.34002166666667,-71.089355,11.2,327885.21706131427,4689643.712062522,19,T
79607,0,GPS1_FRAME,42.34002666666667,-71.08934333333333,11.0,327886.1918090015,4689644.243658507,19,T
79608,0,GPS1_FRAME,42.34003333333333,-71.08933166666667,10.8,327887.1711040333,4689644.960325338,19,T
79609,0,GPS1_FRAME,42.34004,-71.08932,10.6,327888.15039886546,4689645.676992302,19,T
79610,0,GPS1_FRAME,42.34004333333334,-71.08930833333334,10.5,327889.1205985985,4689646.023517965,19,T
79611,0,GPS1_FRAME,42.340048333333336,-71.08929333333334,10.2,327890.36994699656,4689646.548367175,19,T
79612,0,GPS1_FRAME,42.340051666666675,-71.089275,10.0,327891.8893491473,4689646.881398647,19,T
79613,0,GPS1_FRAME,42.340055,-71.08925833333333,9.9,327893.27145047835,4689647.217804034,19,T
79614,0,GPS1_FRAME,42.34005833333334,-71.08924166666667,9.7,327894.65355166333,4689647.554209691,19,T
79615,0,GPS1_FRAME,42.34006333333333,-71.08922666666668,9.5,327895.90289933264,4689648.079059869,19,T
79616,0,GPS1_FRAME,42.34006833333333,-71.08921333333333,9.4,327897.0149461765,4689648.607283781,19,T
79617,0,GPS1_FRAME,42.34007166666667,-71.08919833333333,9.2,327898.2597462536,4689648.9470636565,19,T
79618,0,GPS1_FRAME,42.34007666666666,-71.089185,9.0,327899.37179276743,4689649.475287932,19,T
79619,0,GPS1_FRAME,42.34008000000001,-71.08917,8.9,327900.61659255694,4689649.815068221,19,T
79620,0,GPS1_FRAME,42.34008166666668,-71.08915666666667,8.7,327901.7195444973,4689649.973151435,19,T
79621,0,GPS1_FRAME,42.34008666666667,-71.08914166666666,8.5,327902.9688911533,4689650.498002846,19,T
79622,0,GPS1_FRAME,42.340093333333336,-71.08912333333333,8.4,327904.497385815,4689651.201178436,19,T
79623,0,GPS1_FRAME,42.3401,-71.08910666666667,8.4,327905.8885796004,4689651.907727699,19,T
79624,0,GPS1_FRAME,42.34011,-71.08909166666668,8.3,327907.1515665178,4689652.987791981,19,T
79625,0,GPS1_FRAME,42.34011999999999,-71.08907500000001,8.1,327908.55185356096,4689654.064483181,19,T
79626,0,GPS1_FRAME,42.34013333333334,-71.08905833333333,8.0,327909.96123399556,4689655.511316084,19,T
79627,0,GPS1_FRAME,42.34014333333333,-71.08904333333334,7.8,327911.22421963944,4689656.5913810665,19,T
79628,0,GPS1_FRAME,42.340149999999994,-71.08902666666667,7.7,327912.61541164917,4689657.297931616,19,T
79629,0,GPS1_FRAME,42.34015333333333,-71.08901,7.6,327913.9975097525,4689657.634341008,19,T
79630,0,GPS1_FRAME,42.340155,-71.08899333333333,7.4,327915.3750609397,4689657.785679953,19,T
79631,0,GPS1_FRAME,42.34015333333333,-71.08897833333334,7.2,327916.60621813696,4689657.570250873,19,T
79632,0,GPS1_FRAME,42.340149999999994,-71.08896,7.1,327918.1074295911,4689657.1630050745,19,T
79633,0,GPS1_FRAME,42.34015666666666,-71.08894333333333,7.0,327919.49862072483,4689657.869556969,19,T
79634,0,GPS1_FRAME,42.34016,-71.08892333333333,6.9,327921.15531916684,4689658.199221599,19,T
79635,0,GPS1_FRAME,42.34016333333334,-71.08890666666666,6.8,327922.53741659527,4689658.535632658,19,T
79636,0,GPS1_FRAME,42.34016666666666,-71.08889333333333,6.7,327923.64491305663,4689658.878789981,19,T
79637,0,GPS1_FRAME,42.340171666666656,-71.08888,6.6,327924.75695592386,4689659.407018193,19,T
79638,0,GPS1_FRAME,42.34017666666667,-71.08886833333332,6.5,327925.73169823305,4689659.938619537,19,T
79639,0,GPS1_FRAME,42.340181666666666,-71.088855,6.4,327926.8437407657,4689660.466848071,19,T
79640,0,GPS1_FRAME,42.34018666666666,-71.08884333333334,6.3,327927.8184827558,4689660.998449697,19,T
79641,0,GPS1_FRAME,42.34019833333333,-71.08883166666666,6.2,327928.81141029194,4689662.270334311,19,T
79642,0,GPS1_FRAME,42.34020666666667,-71.08881833333334,6.2,327929.93254499894,4689663.168704746,19,T
79643,0,GPS1_FRAME,42.34021500000001,-71.08880666666667,6.1,327930.91637911584,4689664.070448217,19,T
79644,0,GPS1_FRAME,42.34022333333334,-71.08879333333333,6.1,327932.0375132698,4689664.968818975,19,T
79645,0,GPS1_FRAME,42.340228333333336,-71.08878166666666,6.0,327933.0122542309,4689665.500421297,19,T
79646,0,GPS1_FRAME,42.34023166666666,-71.08877000000001,6.0,327933.98244874587,4689665.846953034,19,T
79647,0,GPS1_FRAME,42.34023333333333,-71.088755,6.0,327935.2226974243,4689666.001668626,19,T
79648,0,GPS1_FRAME,42.34024666666666,-71.08874833333333,6.3,327935.80826845125,4689667.468743248,19,T
79649,0,GPS1_FRAME,42.34024666666666,-71.08873833333334,6.4,327936.63206986536,4689667.448506684,19,T
79650,0,GPS1_FRAME,42.340239999999994,-71.08872833333334,6.3,327937.437686469,4689666.68798736,19,T
79651,0,GPS1_FRAME,42.34023166666666,-71.08872166666667,6.2,327937.96415653406,4689665.749142867,19,T
79652,0,GPS1_FRAME,42.34022166666667,-71.08871333333333,6.2,327938.62338086753,4689664.621854991,19,T
79653,0,GPS1_FRAME,42.34021333333333,-71.08870666666667,6.2,327939.1498512612,4689663.683010598,19,T
79654,0,GPS1_FRAME,42.34020166666666,-71.0887,6.1,327939.6672295289,4689662.374024822,19,T
79655,0,GPS1_FRAME,42.34019,-71.08869666666666,6.1,327939.9100072931,4689661.07178446,19,T
79656,0,GPS1_FRAME,42.340181666666666,-71.08869666666666,6.0,327939.88727665076,4689660.1464308975,19,T
79657,0,GPS1_FRAME,42.340175,-71.08869166666666,6.0,327940.28099331376,4689659.396030009,19,T
79658,0,GPS1_FRAME,42.34016333333334,-71.088685,6.0,327940.7983721696,4689658.0870443415,19,T
79659,0,GPS1_FRAME,42.34015333333333,-71.08867833333333,6.0,327941.32029731927,4689656.963129432,19,T
79660,0,GPS1_FRAME,42.34014166666666,-71.08867000000001,5.9,327941.9749770432,4689655.6507712165,19,T
79661,0,GPS1_FRAME,42.34012500000001,-71.08866166666667,6.0,327942.6160188871,4689653.783200941,19,T
79662,0,GPS1_FRAME,42.34012333333333,-71.088645,6.2,327943.98447787826,4689653.564404091,19,T
79663,0,GPS1_FRAME,42.340115,-71.08863333333333,6.4,327944.92285148136,4689652.615442407,19,T
79664,0,GPS1_FRAME,42.34010833333333,-71.08862333333333,6.5,327945.72847076436,4689651.854924128,19,T
79665,0,GPS1_FRAME,42.340093333333336,-71.08861166666667,6.6,327946.6486610959,4689650.165679857,19,T
79666,0,GPS1_FRAME,42.34007666666666,-71.088605,6.7,327947.1524041707,4689648.301482608,19,T
79667,0,GPS1_FRAME,42.340059999999994,-71.0886,6.8,327947.51884691004,4689646.440657934,19,T
79668,0,GPS1_FRAME,42.340046666666666,-71.0886,6.8,327947.4824796603,4689644.960092274,19,T
79669,0,GPS1_FRAME,42.34003500000001,-71.088595,6.8,327947.8625604135,4689643.654479755,19,T
79670,0,GPS1_FRAME,42.34002333333333,-71.08859333333334,6.9,327947.9680398792,4689642.355612288,19,T
79671,0,GPS1_FRAME,42.34001166666667,-71.08859000000001,6.9,327948.2108201529,4689641.053372318,19,T
79672,0,GPS1_FRAME,42.339999999999996,-71.08858666666667,6.9,327948.45360053546,4689639.751132359,19,T
79673,0,GPS1_FRAME,42.33999000000001,-71.08858333333333,6.8,327948.700926891,4689638.633963121,19,T
79674,0,GPS1_FRAME,42.33998166666667,-71.08858000000001,6.8,327948.9527991952,4689637.7018646,19,T
79675,0,GPS1_FRAME,42.33997333333333,-71.08856333333333,6.8,327950.30307821464,4689636.742786273,19,T
79676,0,GPS1_FRAME,42.33996666666667,-71.08855,6.7,327951.383301695,4689635.975523807,19,T
79677,0,GPS1_FRAME,42.33995166666667,-71.08853,6.7,327952.9900001148,4689634.269418324,19,T
79678,0,GPS1_FRAME,42.33993999999999,-71.08851833333333,6.6,327953.91928622045,4689632.950316575,19,T
79679,0,GPS1_FRAME,42.33994666666668,-71.08852166666667,6.6,327953.66286732146,4689633.697344184,19,T
79680,0,GPS1_FRAME,42.33993166666667,-71.08851166666666,6.7,327954.44576131244,4689632.011473507,19,T
79681,0,GPS1_FRAME,42.33990833333334,-71.08849000000001,6.8,327956.16703410575,4689629.376642924,19,T
79682,0,GPS1_FRAME,42.33989499999999,-71.08847833333333,7.0,327957.0917758793,4689627.8724709395,19,T
79683,0,GPS1_FRAME,42.339875,-71.08847166666666,7.1,327957.5864325373,4689625.638133231,19,T
79684,0,GPS1_FRAME,42.33986,-71.08846166666667,7.3,327958.36932849966,4689623.9522630675,19,T
79685,0,GPS1_FRAME,42.33984166666667,-71.08845166666667,7.4,327959.14313373633,4689621.896251606,19,T
79686,0,GPS1_FRAME,42.33982833333333,-71.08844166666667,7.6,327959.9305760955,4689620.395452348,19,T
79687,0,GPS1_FRAME,42.339815,-71.08843333333333,7.7,327960.5807176371,4689618.898025446,19,T
79688,0,GPS1_FRAME,42.339803333333336,-71.08841833333332,8.0,327961.78460977843,4689617.572180371,19,T
79689,0,GPS1_FRAME,42.33979666666667,-71.08840166666667,8.2,327963.13943995885,4689616.79817541,19,T
79690,0,GPS1_FRAME,42.33979666666667,-71.08837833333334,8.5,327965.06165694667,4689616.750964827,19,T
79691,0,GPS1_FRAME,42.3398,-71.08835833333333,8.8,327966.71836222196,4689617.08064043,19,T
79692,0,GPS1_FRAME,42.33980833333333,-71.08834333333333,9.1,327967.97679969843,4689617.975644828,19,T
79693,0,GPS1_FRAME,42.339825000000005,-71.08832833333332,9.5,327969.25796332245,4689619.796002937,19,T
79694,0,GPS1_FRAME,42.339834999999994,-71.08831333333333,9.7,327970.5209452551,4689620.876078468,19,T
79695,0,GPS1_FRAME,42.339846666666666,-71.08829999999999,10.0,327971.6511709257,4689622.144596957,19,T
79696,0,GPS1_FRAME,42.33985666666668,-71.08828666666666,10.2,327972.77685098944,4689623.228044919,19,T
79697,0,GPS1_FRAME,42.33986166666667,-71.08827333333333,10.4,327973.8888951753,4689623.756280954,19,T
79698,0,GPS1_FRAME,42.339870000000005,-71.08825833333334,10.6,327975.1473305394,4689624.651286588,19,T
79699,0,GPS1_FRAME,42.33987833333334,-71.08824166666666,10.7,327976.54306661274,4689625.542920493,19,T
79700,0,GPS1_FRAME,42.33988833333333,-71.088225,10.8,327977.9433473998,4689626.619625362,19,T
79701,0,GPS1_FRAME,42.33989666666666,-71.08821166666667,10.9,327979.0644807274,4689627.518003593,19,T
79702,0,GPS1_FRAME,42.33990833333334,-71.08819666666666,11.2,327980.33200477355,4689628.783151521,19,T
79703,0,GPS1_FRAME,42.339909999999996,-71.08818666666666,11.3,327981.1603555763,4689628.9479910275,19,T
79704,0,GPS1_FRAME,42.33991833333333,-71.088175,11.6,327982.14418717,4689629.849741589,19,T
79705,0,GPS1_FRAME,42.33992666666666,-71.08816833333334,11.7,327982.716115728,4689630.761607754,19,T
79706,0,GPS1_FRAME,42.339935,-71.08815833333333,11.8,327983.56264596275,4689631.666730334,19,T
79707,0,GPS1_FRAME,42.33994166666666,-71.088145,12.0,327984.6792328637,4689632.380038726,19,T
79708,0,GPS1_FRAME,42.33994833333333,-71.08812833333333,12.1,327986.07042129367,4689633.086603757,19,T
79709,0,GPS1_FRAME,42.339954999999996,-71.088115,12.3,327987.18700769934,4689633.799912537,19,T
79710,0,GPS1_FRAME,42.339961666666674,-71.08810166666667,12.4,327988.3035938782,4689634.513221489,19,T
79711,0,GPS1_FRAME,42.33996666666667,-71.08809166666667,12.5,327989.14103335876,4689635.048203315,19,T
79712,0,GPS1_FRAME,42.33997166666666,-71.08808166666667,12.7,327989.9784727115,4689635.583185236,19,T
79713,0,GPS1_FRAME,42.339975,-71.08807,12.8,327990.9486680053,4689635.929724886,19,T
79714,0,GPS1_FRAME,42.33997833333333,-71.08806,12.9,327991.78156238527,4689636.279636317,19,T
79715,0,GPS1_FRAME,42.33998166666667,-71.08804666666667,13.0,327992.8890582917,4689636.622804579,19,T
79716,0,GPS1_FRAME,42.33998499999999,-71.08803333333334,13.0,327993.99655408354,4689636.96597301,19,T
79717,0,GPS1_FRAME,42.33998833333333,-71.08802,13.1,327995.1040497569,4689637.309141616,19,T
79718,0,GPS1_FRAME,42.33999333333333,-71.08800500000001,13.2,327996.35339070496,4689637.834009526,19,T
79719,0,GPS1_FRAME,42.33999666666667,-71.08799333333333,13.2,327997.3235853357,4689638.180550043,19,T
79720,0,GPS1_FRAME,42.339999999999996,-71.08798333333334,13.3,327998.1564790964,4689638.530462216,19,T
79721,0,GPS1_FRAME,42.340006666666675,-71.08798166666666,13.3,327998.3119580833,4689639.267373486,19,T
79722,0,GPS1_FRAME,42.34001,-71.08797,13.2,327999.2821524099,4689639.6139142625,19,T
79723,0,GPS1_FRAME,42.34002,-71.08796333333333,13.6,327999.85862248344,4689640.710852451,19,T
79724,0,GPS1_FRAME,42.34003500000001,-71.08795833333333,13.7,328000.31142520614,4689642.366374269,19,T
79725,0,GPS1_FRAME,42.340044999999996,-71.08795666666667,13.7,328000.47599291615,4689643.473426984,19,T
79726,0,GPS1_FRAME,42.34005666666667,-71.08796166666666,13.8,328000.095902517,4689644.779036359,19,T
79727,0,GPS1_FRAME,42.34006666666667,-71.08797,13.8,327999.4366665082,4689645.906318073,19,T
79728,0,GPS1_FRAME,42.340073333333336,-71.08797833333333,13.8,327998.76834161056,4689646.6634584535,19,T
79729,0,GPS1_FRAME,42.34007833333333,-71.08798499999999,13.8,327998.23277288774,4689647.232156669,19,T
79730,0,GPS1_FRAME,42.34008333333333,-71.08799666666667,13.8,327997.28530249285,4689647.810969571,19,T
79731,0,GPS1_FRAME,42.34009,-71.08800833333333,13.7,327996.3423768755,4689648.574853307,19,T
79732,0,GPS1_FRAME,42.340095000000005,-71.08801833333334,13.6,327995.53220737434,4689649.150294889,19,T
79733,0,GPS1_FRAME,42.340096666666675,-71.08802999999999,13.4,327994.57564812154,4689649.358966766,19,T
79734,0,GPS1_FRAME,42.34010166666667,-71.08804333333333,13.3,327993.4908777595,4689649.941151806,19,T
79735,0,GPS1_FRAME,42.34011,-71.088055,13.3,327992.5524975539,4689650.89010678,19,T
79736,0,GPS1_FRAME,42.34011666666667,-71.088065,13.2,327991.7468733682,4689651.650619522,19,T
79737,0,GPS1_FRAME,42.34012500000001,-71.08807499999999,13.1,327990.9457941294,4689652.5962030655,19,T
79738,0,GPS1_FRAME,42.34013333333334,-71.08808666666667,13.1,327990.00741463096,4689653.545158405,19,T
79739,0,GPS1_FRAME,42.340140000000005,-71.08809666666666,13.0,327989.201791035,4689654.305671458,19,T
79740,0,GPS1_FRAME,42.340149999999994,-71.08810666666666,13.0,327988.4052572946,4689655.436326019,19,T
79741,0,GPS1_FRAME,42.340155,-71.08811333333333,12.9,327987.86969009263,4689656.005025078,19,T
79742,0,GPS1_FRAME,42.34016166666667,-71.08811833333333,12.8,327987.4759682659,4689656.755423134,19,T
79743,0,GPS1_FRAME,42.34016666666666,-71.08812333333334,12.7,327987.0777016509,4689657.32075051,19,T
79744,0,GPS1_FRAME,42.34017333333333,-71.08813166666667,12.6,327986.40937920776,4689658.077892155,19,T
79745,0,GPS1_FRAME,42.34017833333334,-71.08814000000001,12.6,327985.736511999,4689658.649963165,19,T
79746,0,GPS1_FRAME,42.34018,-71.08814333333333,12.4,327985.46645616344,4689658.841777443,19,T
79747,0,GPS1_FRAME,42.340183333333336,-71.08815166666666,12.4,327984.7890441639,4689659.22877784,19,T
79748,0,GPS1_FRAME,42.340185000000005,-71.08816,12.4,327984.10708727594,4689659.430707597,19,T
79749,0,GPS1_FRAME,42.340181666666666,-71.08817333333333,12.4,327982.99959437875,4689659.087540805,19,T
79750,0,GPS1_FRAME,42.34017833333334,-71.08818166666667,12.5,327982.3040025009,4689658.73425862,19,T
79751,0,GPS1_FRAME,42.340171666666656,-71.08819833333334,12.6,327980.9128185321,4689658.027694445,19,T
79752,0,GPS1_FRAME,42.34016666666666,-71.08821333333334,12.6,327979.6634797582,4689657.502829343,19,T
79753,0,GPS1_FRAME,42.34016166666667,-71.08822833333333,12.6,327978.4141407864,4689656.97796446,19,T
79754,0,GPS1_FRAME,42.34015333333333,-71.08824833333333,12.6,327976.7438100376,4689656.093074245,19,T
79755,0,GPS1_FRAME,42.34014666666667,-71.088265,12.7,327975.3526249465,4689655.386511147,19,T
79756,0,GPS1_FRAME,42.340138333333336,-71.08828166666667,12.7,327973.95689434564,4689654.494877611,19,T
79757,0,GPS1_FRAME,42.34013333333334,-71.088295,12.7,327972.8448548521,4689653.966641685,19,T
79758,0,GPS1_FRAME,42.34013166666667,-71.08830833333333,12.7,327971.74190574395,4689653.80854734,19,T
79759,0,GPS1_FRAME,42.34013333333334,-71.08832166666666,12.7,327970.64804718614,4689654.020594584,19,T
79760,0,GPS1_FRAME,42.34013166666667,-71.08834166666666,12.7,327968.99589608505,4689653.875989002,19,T
79761,0,GPS1_FRAME,42.34012500000001,-71.08836166666667,12.7,327967.33010871033,4689653.176171688,19,T
79762,0,GPS1_FRAME,42.34012166666666,-71.08838166666666,12.7,327965.6734118644,4689652.846496173,19,T
79763,0,GPS1_FRAME,42.340115,-71.08839833333333,12.7,327964.2822249215,4689652.139935225,19,T
79764,0,GPS1_FRAME,42.34011333333333,-71.08840833333333,12.7,327963.4538763069,4689651.9750977745,19,T
79765,0,GPS1_FRAME,42.340106666666664,-71.08841833333332,12.8,327962.61189110443,4689651.255048299,19,T
79766,0,GPS1_FRAME,42.340096666666675,-71.088425,12.8,327962.0354157756,4689650.158113015,19,T
79767,0,GPS1_FRAME,42.34006833333333,-71.08843833333334,13.3,327960.8597368339,4689647.03888904,19,T
79768,0,GPS1_FRAME,42.340055,-71.08844166666667,13.5,327960.5487710939,4689645.565067927,19,T
79769,0,GPS1_FRAME,42.340048333333336,-71.08843666666667,13.5,327960.94249084534,4689644.814668304,19,T
79770,0,GPS1_FRAME,42.34004333333334,-71.08843666666667,13.4,327960.9288541962,4689644.259456188,19,T
79771,0,GPS1_FRAME,42.34003666666668,-71.08843166666666,13.4,327961.3225740736,4689643.509056591,19,T
79772,0,GPS1_FRAME,42.34002333333333,-71.08842166666666,13.4,327962.11001409224,4689642.008257471,19,T
79773,0,GPS1_FRAME,42.34001166666667,-71.08840666666667,13.5,327963.3139021954,4689640.682412506,19,T
79774,0,GPS1_FRAME,42.34000833333333,-71.088395,13.5,327964.2659164994,4689640.288665667,19,T
79775,0,GPS1_FRAME,42.340005000000005,-71.08838333333333,13.5,327965.217930905,4689639.894918961,19,T
79776,0,GPS1_FRAME,42.340003333333335,-71.08837333333332,13.6,327966.0371900543,4689639.689615251,19,T
79777,0,GPS1_FRAME,42.339999999999996,-71.08835833333333,13.6,327967.2638061709,4689639.289124513,19,T
79778,0,GPS1_FRAME,42.33999333333333,-71.08834,13.7,327968.75593329896,4689638.511748373,19,T
79779,0,GPS1_FRAME,42.33998833333333,-71.08832166666666,13.7,327970.2526060455,4689637.919443264,19,T
79780,0,GPS1_FRAME,42.33997833333333,-71.08830666666667,13.7,327971.46104163677,4689636.778670471,19,T
79781,0,GPS1_FRAME,42.339969999999994,-71.088285,13.9,327973.2232261896,4689635.809480519,19,T
79782,0,GPS1_FRAME,42.33996833333334,-71.08826833333333,13.9,327974.59168936335,4689635.590689785,19,T
79783,0,GPS1_FRAME,42.33996833333334,-71.08825,14.0,327976.1019985814,4689635.553598061,19,T
79784,0,GPS1_FRAME,42.339965,-71.08823333333333,14.1,327977.4659167631,4689635.149737193,19,T
79785,0,GPS1_FRAME,42.339965,-71.08822,14.2,327978.5643235269,4689635.122761814,19,T
79786,0,GPS1_FRAME,42.33996833333334,-71.08820833333333,14.2,327979.534519534,4689635.469299903,19,T
79787,0,GPS1_FRAME,42.33997666666667,-71.08819666666666,14.2,327980.51835050085,4689636.371050225,19,T
79788,0,GPS1_FRAME,42.33998666666666,-71.08818833333333,14.1,327981.23212461465,4689637.464615094,19,T
79789,0,GPS1_FRAME,42.339999999999996,-71.08818,14.1,327981.9549884924,4689638.928321436,19,T
79790,0,GPS1_FRAME,42.34001333333334,-71.08817,14.1,327982.8151528253,4689640.388656014,19,T
79791,0,GPS1_FRAME,42.34002666666667,-71.08816333333333,14.1,327983.4007153993,4689641.855734326,19,T
79792,0,GPS1_FRAME,42.34004333333334,-71.08815833333333,14.1,327983.85806695337,4689643.696325899,19,T
79793,0,GPS1_FRAME,42.34005833333334,-71.08815333333334,14.0,327984.3108733705,4689645.351846797,19,T
79794,0,GPS1_FRAME,42.340073333333336,-71.08815166666666,13.8,327984.48907838773,4689647.0141113205,19,T
79795,0,GPS1_FRAME,42.340085,-71.08814833333332,13.7,327984.79549407633,4689648.302862647,19,T
79796,0,GPS1_FRAME,42.340096666666675,-71.08814000000001,13.7,327985.51381134096,4689649.581498621,19,T
79797,0,GPS1_FRAME,42.34010833333333,-71.08813,13.6,327986.3694288938,4689650.856762893,19,T
79798,0,GPS1_FRAME,42.340115,-71.08811833333333,13.6,327987.34871206677,4689651.573443402,19,T
79799,0,GPS1_FRAME,42.34011666666667,-71.08811166666666,13.6,327987.90245898545,4689651.745027131,19,T
79800,0,GPS1_FRAME,42.340145,-71.088125,14.9,327986.8813178005,4689654.9182031015,19,T
79801,0,GPS1_FRAME,42.340151666666664,-71.08813,15.6,327986.48759600625,4689655.668601214,19,T
79802,0,GPS1_FRAME,42.34015666666666,-71.08813166666667,16.1,327986.3639302513,4689656.2271850975,19,T
79803,0,GPS1_FRAME,42.34015666666666,-71.08812666666667,16.3,327986.7758315336,4689656.217069796,19,T
79804,0,GPS1_FRAME,42.340155,-71.088115,16.4,327987.732389661,4689656.008396821,19,T
79805,0,GPS1_FRAME,42.340149999999994,-71.08810833333334,16.3,327988.2679568521,4689655.43969775,19,T
79806,0,GPS1_FRAME,42.34014166666666,-71.08810333333332,16.2,327988.6571340162,4689654.50422904,19,T
79807,0,GPS1_FRAME,42.34012833333333,-71.088085,16.0,327990.13108073664,4689652.986574595,19,T
79808,0,GPS1_FRAME,42.340118333333336,-71.08807666666667,16.1,327990.7903145447,4689651.85929193,19,T
79809,0,GPS1_FRAME,42.34011166666666,-71.08807,16.2,327991.32133755554,4689651.10552241,19,T
79810,0,GPS1_FRAME,42.340104999999994,-71.08805166666666,15.9,327992.81346445915,4689650.328151383,19,T
79811,0,GPS1_FRAME,42.34010166666667,-71.08803833333333,15.9,327993.90277939703,4689649.931036936,19,T
79812,0,GPS1_FRAME,42.340093333333336,-71.08802333333333,15.7,327995.11576104036,4689648.975338958,19,T
79813,0,GPS1_FRAME,42.34008166666668,-71.088,15.7,327997.0061567219,4689647.6326419795,19,T
79814,0,GPS1_FRAME,42.340073333333336,-71.08798666666667,15.8,327998.08183857444,4689646.680316098,19,T
79815,0,GPS1_FRAME,42.34006833333333,-71.08798,15.9,327998.61740733124,4689646.111617873,19,T
79816,0,GPS1_FRAME,42.34006333333333,-71.087975,16.1,327999.0156755504,4689645.546291209,19,T
79817,0,GPS1_FRAME,42.34005666666667,-71.08797833333333,16.3,327998.7228960826,4689644.812751443,19,T
79818,0,GPS1_FRAME,42.340050000000005,-71.08798833333334,16.4,327997.8809139279,4689644.09269782,19,T
79819,0,GPS1_FRAME,42.34004333333334,-71.08800166666667,16.6,327996.7643302529,4689643.379387406,19,T
79820,0,GPS1_FRAME,42.34003333333333,-71.088015,16.7,327995.63865709084,4689642.295935764,19,T
79821,0,GPS1_FRAME,42.340025,-71.08802833333333,16.8,327994.51752823865,4689641.397554994,19,T
79822,0,GPS1_FRAME,42.34001666666666,-71.08803333333334,16.9,327994.0829027565,4689640.48231631,19,T
79823,0,GPS1_FRAME,42.34000833333333,-71.08804333333333,17.1,327993.2363749214,4689639.577192519,19,T
79824,0,GPS1_FRAME,42.33999833333334,-71.08805833333332,17.2,327991.9733998459,4689638.497113065,19,T
79825,0,GPS1_FRAME,42.33998833333333,-71.08807333333333,17.2,327990.71042438224,4689637.417033829,19,T
79826,0,GPS1_FRAME,42.33998,-71.08808833333333,17.3,327989.4519933176,4689636.522025509,19,T
79827,0,GPS1_FRAME,42.33997333333333,-71.08809833333333,17.4,327988.6100092215,4689635.801972952,19,T
79828,0,GPS1_FRAME,42.339965,-71.08811666666666,17.4,327987.07697590603,4689634.913708478,19,T
79829,0,GPS1_FRAME,42.33995333333334,-71.088135,17.5,327985.5348524221,4689633.655302932,19,T
79830,0,GPS1_FRAME,42.33994333333333,-71.08815166666666,17.5,327984.1345742007,4689632.578596607,19,T
79831,0,GPS1_FRAME,42.33992833333333,-71.08816666666667,17.6,327982.8579616066,4689630.943306629,19,T
79832,0,GPS1_FRAME,42.33991833333333,-71.08818166666667,17.7,327981.59498338297,4689629.863228964,19,T
79833,0,GPS1_FRAME,42.33990833333334,-71.08819333333332,17.8,327980.6066067109,4689628.77640778,19,T
79834,0,GPS1_FRAME,42.33989,-71.08820666666666,17.9,327979.4582035702,4689626.767605118,19,T
79835,0,GPS1_FRAME,42.33987833333334,-71.088225,18.0,327977.91607695416,4689625.509201172,19,T
79836,0,GPS1_FRAME,42.339868333333335,-71.08824166666666,18.0,327976.5157959545,4689624.432496301,19,T
79837,0,GPS1_FRAME,42.33985333333333,-71.08825666666667,18.1,327975.23918017733,4689622.797207631,19,T
79838,0,GPS1_FRAME,42.33984,-71.08827333333333,18.1,327973.82980787766,4689621.350361876,19,T
79839,0,GPS1_FRAME,42.339826666666674,-71.08829,18.2,327972.4204350051,4689619.90351639,19,T
79840,0,GPS1_FRAME,42.33981333333333,-71.088315,18.2,327970.32455567736,4689618.473531457,19,T
79841,0,GPS1_FRAME,42.33979833333333,-71.08833333333334,18.3,327968.773335003,4689616.844988036,19,T
79842,0,GPS1_FRAME,42.33978666666667,-71.08834833333334,18.3,327967.5058067752,4689615.579842099,19,T
79843,0,GPS1_FRAME,42.339774999999996,-71.08836333333333,18.3,327966.23827809386,4689614.314696377,19,T
79844,0,GPS1_FRAME,42.33976333333333,-71.08837833333334,18.4,327964.970748961,4689613.049550876,19,T
79845,0,GPS1_FRAME,42.33975166666667,-71.08838999999999,18.4,327963.977822002,4689611.777661219,19,T
79846,0,GPS1_FRAME,42.33974166666667,-71.08840166666667,18.5,327962.9894401361,4689610.690842393,19,T
79847,0,GPS1_FRAME,42.339735000000005,-71.08840666666667,18.5,327962.55935430725,4689609.960676227,19,T
79848,0,GPS1_FRAME,42.339731666666665,-71.08840833333333,18.5,327962.41296203906,4689609.593907043,19,T
79849,0,GPS1_FRAME,42.33972166666668,-71.08840666666667,18.5,327962.5229906554,4689608.480110655,19,T
79850,0,GPS1_FRAME,42.33971499999999,-71.08840666666667,18.5,327962.5048088329,4689607.739827869,19,T
79851,0,GPS1_FRAME,42.339711666666666,-71.088405,18.5,327962.63301932253,4689607.366314269,19,T
79852,0,GPS1_FRAME,42.33970166666666,-71.08840333333333,18.5,327962.74304803857,4689606.252517886,19,T
79853,0,GPS1_FRAME,42.33969666666667,-71.08841166666666,18.5,327962.0429045396,4689605.71416686,19,T
79854,0,GPS1_FRAME,42.339690000000004,-71.08841666666667,18.6,327961.61281834496,4689604.984000743,19,T
79855,0,GPS1_FRAME,42.339686666666665,-71.088425,18.6,327960.91722012905,4689604.630720518,19,T
79856,0,GPS1_FRAME,42.33968,-71.08841833333332,18.6,327961.44824403117,4689603.8769488,19,T
79857,0,GPS1_FRAME,42.33968,-71.08842,18.6,327961.3109425622,4689603.8803210305,19,T
79858,0,GPS1_FRAME,42.33968,-71.08841000000001,18.6,327962.13475136785,4689603.860087689,19,T
79859,0,GPS1_FRAME,42.33967833333333,-71.08841000000001,18.7,327962.13020590844,4689603.675016994,19,T
79860,0,GPS1_FRAME,42.33967166666666,-71.088395,18.8,327963.34773744526,4689602.904384382,19,T
79861,0,GPS1_FRAME,42.33967166666666,-71.08837666666666,18.8,327964.85805378883,4689602.867290443,19,T
79862,0,GPS1_FRAME,42.339668333333336,-71.08836833333334,18.9,327965.5354704788,4689602.480288282,19,T
79863,0,GPS1_FRAME,42.33966999999999,-71.08836500000001,19.0,327965.8146188252,4689602.658614686,19,T
79864,0,GPS1_FRAME,42.33966999999999,-71.08836333333333,19.0,327965.9519203156,4689602.655242545,19,T
79865,0,GPS1_FRAME,42.339666666666666,-71.08836666666666,19.0,327965.6682266089,4689602.291845442,19,T
79866,0,GPS1_FRAME,42.33966166666667,-71.08836,19.0,327966.2037965477,4689601.7231448,19,T
79867,0,GPS1_FRAME,42.33965499999999,-71.08835333333333,19.1,327966.7348212408,4689600.969373508,19,T
79868,0,GPS1_FRAME,42.339643333333335,-71.08834499999999,19.1,327967.389511643,4689599.657018069,19,T
79869,0,GPS1_FRAME,42.33963333333333,-71.08834333333333,19.2,327967.4995413256,4689598.543221801,19,T
79870,0,GPS1_FRAME,42.33962666666666,-71.08833333333334,19.2,327968.30516958516,4689597.782706435,19,T
79871,0,GPS1_FRAME,42.339623333333336,-71.088325,19.2,327968.98258696456,4689597.39570463,19,T
79872,0,GPS1_FRAME,42.33961666666667,-71.08832000000001,19.3,327969.3763107008,4689596.645305641,19,T
79873,0,GPS1_FRAME,42.33960999999999,-71.08831666666667,19.4,327969.6327329099,4689595.898278737,19,T
79874,0,GPS1_FRAME,42.339605,-71.08831333333333,19.4,327969.89370042365,4689595.3363225395,19,T
79875,0,GPS1_FRAME,42.339600000000004,-71.08831333333333,19.5,327969.88006469735,4689594.7811104655,19,T
79876,0,GPS1_FRAME,42.33959,-71.08831166666667,19.6,327969.99009490886,4689593.667314257,19,T
79877,0,GPS1_FRAME,42.33958333333333,-71.08830333333334,19.7,327970.65842235,4689592.910171247,19,T
79878,0,GPS1_FRAME,42.339578333333336,-71.08829666666666,19.8,327971.1939934489,4689592.3414710285,19,T
79879,0,GPS1_FRAME,42.33957333333333,-71.088295,19.9,327971.31765953475,4689591.782886926,19,T
79880,0,GPS1_FRAME,42.33956499999999,-71.08828833333334,20.0,327971.8441404087,4689590.844045379,19,T
79881,0,GPS1_FRAME,42.33956333333334,-71.08828166666667,20.1,327972.3888021088,4689590.645486643,19,T
79882,0,GPS1_FRAME,42.33956166666667,-71.08827833333334,20.2,327972.65886038647,4689590.453671943,19,T
79883,0,GPS1_FRAME,42.33956,-71.08827666666666,20.4,327972.79161695356,4689590.265229253,19,T
79884,0,GPS1_FRAME,42.339553333333335,-71.08827333333333,20.5,327973.0480398064,4689589.5182024995,19,T
79885,0,GPS1_FRAME,42.33954000000001,-71.08827166666667,20.6,327973.1489803768,4689588.034264992,19,T
79886,0,GPS1_FRAME,42.339529999999996,-71.08826666666667,20.8,327973.53361488413,4689586.913724895,19,T
79887,0,GPS1_FRAME,42.33951999999999,-71.08826333333333,20.9,327973.78094771516,4689585.796556801,19,T
79888,0,GPS1_FRAME,42.339504999999996,-71.08825666666667,21.1,327974.28924897755,4689584.117432718,19,T
79889,0,GPS1_FRAME,42.339488333333335,-71.08826,21.3,327973.96919411566,4689582.273469772,19,T
79890,0,GPS1_FRAME,42.33946833333333,-71.08825333333333,21.4,327974.46386044694,4689580.039133658,19,T
79891,0,GPS1_FRAME,42.33944499999999,-71.08824833333333,21.5,327974.81213500176,4689577.438028172,19,T
79892,0,GPS1_FRAME,42.339425,-71.088245,21.6,327975.03219801676,4689575.210436038,19,T
79893,0,GPS1_FRAME,42.339418333333334,-71.088245,21.7,327975.0140177074,4689574.470153294,19,T
79894,0,GPS1_FRAME,42.339405000000006,-71.088235,21.8,327975.8014694897,4689572.969356184,19,T
79895,0,GPS1_FRAME,42.33939,-71.08822166666667,21.9,327976.8589807906,4689571.276744667,19,T
79896,0,GPS1_FRAME,42.339373333333334,-71.08820666666666,22.0,327978.04924977175,4689569.395690762,19,T
79897,0,GPS1_FRAME,42.339353333333335,-71.08819666666666,22.2,327978.81852297264,4689567.1546113035,19,T
79898,0,GPS1_FRAME,42.33933166666667,-71.08818166666667,22.3,327979.9951584485,4689564.71834573,19,T
79899,0,GPS1_FRAME,42.33931833333333,-71.08817,22.4,327980.9199147782,4689563.214177437,19,T
79900,0,GPS1_FRAME,42.33931166666666,-71.08815833333333,22.6,327981.86285103764,4689562.45029201,19,T
79901,0,GPS1_FRAME,42.33931333333333,-71.08815166666666,22.7,327982.41660497524,4689562.621875496,19,T
79902,0,GPS1_FRAME,42.339308333333335,-71.08814333333333,22.8,327983.089481759,4689562.049804515,19,T
79903,0,GPS1_FRAME,42.33929666666666,-71.08812833333333,22.9,327984.29338854784,4689560.723963831,19,T
79904,0,GPS1_FRAME,42.339285000000004,-71.08811333333333,23.1,327985.4972957982,4689559.398123371,19,T
79905,0,GPS1_FRAME,42.33927333333333,-71.08809500000001,23.2,327986.97580821486,4689558.065539725,19,T
79906,0,GPS1_FRAME,42.33927833333334,-71.08807499999999,23.3,327988.63707051246,4689558.580291538,19,T
79907,0,GPS1_FRAME,42.339270000000006,-71.088065,23.4,327989.43816119066,4689557.634708169,19,T
79908,0,GPS1_FRAME,42.339281666666665,-71.088065,23.5,327989.4699738973,4689558.930202928,19,T
79909,0,GPS1_FRAME,42.33927666666667,-71.08806166666666,23.6,327989.73094456695,4689558.368247587,19,T
79910,0,GPS1_FRAME,42.33927666666667,-71.08805833333332,23.8,327990.00554925454,4689558.361504296,19,T
79911,0,GPS1_FRAME,42.33927333333333,-71.088055,23.9,327990.271064641,4689557.9846196575,19,T
79912,0,GPS1_FRAME,42.33926833333333,-71.08805833333332,23.9,327989.98282596667,4689557.436150897,19,T
79913,0,GPS1_FRAME,42.33925333333333,-71.088065,23.9,327989.39271447924,4689555.784001374,19,T
79914,0,GPS1_FRAME,42.33923333333334,-71.08808333333333,24.0,327987.82785162656,4689553.600241571,19,T
79915,0,GPS1_FRAME,42.339218333333335,-71.08809833333333,24.0,327986.551227016,4689551.9649507115,19,T
79916,0,GPS1_FRAME,42.339193333333334,-71.08810666666666,24.1,327985.7965433056,4689549.205749104,19,T
79917,0,GPS1_FRAME,42.33916166666666,-71.08810833333334,24.2,327985.57289037365,4689545.692777948,19,T
79918,0,GPS1_FRAME,42.33913833333333,-71.08811666666666,24.3,327984.8227505683,4689543.118647115,19,T
79919,0,GPS1_FRAME,42.33911666666666,-71.08811999999999,24.4,327984.4890631474,4689540.719471798,19,T
79920,0,GPS1_FRAME,42.33909833333334,-71.08813,24.5,327983.61525419843,4689538.703924858,19,T
79921,0,GPS1_FRAME,42.339090000000006,-71.08814000000001,24.6,327982.7687137015,4689537.798802067,19,T
79922,0,GPS1_FRAME,42.33908666666666,-71.08814833333332,24.7,327982.0731102738,4689537.44551961,19,T
79923,0,GPS1_FRAME,42.339079999999996,-71.08815333333334,24.8,327981.6430226055,4689536.715352278,19,T
79924,0,GPS1_FRAME,42.33906833333334,-71.08815833333333,25.0,327981.19930028124,4689535.429972947,19,T
79925,0,GPS1_FRAME,42.33906,-71.08816166666666,25.1,327980.9019703642,4689534.51136318,19,T
79926,0,GPS1_FRAME,42.33904333333333,-71.08816,25.3,327980.9938245808,4689532.657284626,19,T
79927,0,GPS1_FRAME,42.33902500000001,-71.08816166666666,25.4,327980.8065282514,4689530.624879018,19,T
79928,0,GPS1_FRAME,42.339011666666664,-71.08816833333334,25.6,327980.22095768014,4689529.157800875,19,T
79929,0,GPS1_FRAME,42.33899833333333,-71.08817333333333,25.7,327979.7726898379,4689527.68735095,19,T
79930,0,GPS1_FRAME,42.33898666666667,-71.08817833333333,25.9,327979.32896672445,4689526.401971729,19,T
79931,0,GPS1_FRAME,42.33897666666667,-71.08819,26.0,327978.34057637554,4689525.315150588,19,T
